"model","term","estimate","std_error","statistic","p_value","test","exp_coefficient"
"salary_linear","(Intercept)",25792.2001986687,2273.0534325816,11.3469396842886,5.5119502709562e-12,"t",
"salary_linear","Experience",9449.96232145508,378.754574238821,24.9500942409648,1.14306810922713e-20,"t",
"advertising_linear","(Intercept)",120.056637692856,34.9884644342636,3.43132056905266,0.00893742274428398,"t",
"advertising_linear","online",0.0980858055037371,0.0243894458960261,4.02164960704248,0.00383234281763536,"t",
"advertising_quadratic","(Intercept)",-76.8497979113489,49.0390380829611,-1.56711470933299,0.161072316028223,"t",
"advertising_quadratic","online",0.468917462755367,0.0859126363777312,5.45807325355123,0.000947811440119964,"t",
"advertising_quadratic","online_2",-0.000140280499934672,3.20956927149702e-05,-4.3706955067289,0.00327128834890631,"t",
"awards_poisson","(Intercept)",-4.16326525291776,0.662877483178337,-6.28059537179618,3.37278902281083e-10,"z",0.0155566784083882
"awards_poisson","programGeneral",-1.08385914562078,0.358252982387955,-3.02540159860291,0.00248303186926171,"z",0.338287502608363
"awards_poisson","programVocational",-0.714049915778323,0.320014875045634,-2.2313022657978,0.0256611136994586,"z",0.48965710636014
"awards_poisson","score",0.0701523974937159,0.0105992049559287,6.61864713300748,3.62500995411371e-11,"z",1.07267164126816
